{"cameraMode":{"drawMode":0,"name":"Shaded","section":"Shading Mode"},"sceneLighting":true,"audioPlay":false,"sceneViewState":{"showFog":true,"showMaterialUpdate":false,"showSkybox":true,"showFlares":true,"showImageEffects":true,"showParticleSystems":true},"in2DMode":false,"pivot":{"x":489.8011474609375,"y":3.0466742515563967,"z":478.65252685546877},"rotation":{"x":0.27568238973617556,"y":0.6661138534545898,"z":-0.29221707582473757,"w":0.6284157633781433},"size":50.58942413330078,"orthographic":false}